Headline,Date,Link
"Sponsored Content: Cash App | FOX 4 Kansas City WDAF-TV | News, Weather, Sports - FOX4KC.com","Tue, 16 Dec 2025 19:18:38 GMT",https://news.google.com/rss/articles/CBMia0FVX3lxTE9OUnRoSnllLUI5d2hkRzhIMmFYSVRubnFyQWY5aTVmYXNFWjB1US1TRnFoOTlPMG0zeUNzakNKMDMtOUo4NDYxeGR2VGdpemdOY01FS2VTc3JtRDVjQnRuYThvS0NzNXR6a3Rj?oc=5
Use caution when paying or receiving payments from friends or family members using cash payment apps - Taxpayer Advocate Service (.gov),"Fri, 05 Dec 2025 08:00:00 GMT",https://news.google.com/rss/articles/CBMiogFBVV95cUxNVTRJM056TXNKd052Ql9ROHgzNWg2elRJNjdUeG84ZmkxbVpaVFphZGpLUGpmYVpOVzdxLVMxdTd4d2oxQ3dwdl9STkh2QTRSaUVUSm9raERDSk5ZdDZ2dVBfeERydm1EeTVqM3QzaDUwWmN6QmZENEVlcTA4RXUyN2x3dEJXMzlhMGRyblRRVXktYzltX1pCTEEzZTlTTHBLY3c?oc=5
"Best 7 Sites To Buy, Verified Cash App Accounts In 207 (3 Photos) - Dwell","Tue, 16 Dec 2025 14:07:31 GMT",https://news.google.com/rss/articles/CBMikwFBVV95cUxOYXU0X1luYzVaYUhDNF9lQWhyaF9JUTVJU19Xd3kwMEh0cFFKSE9oOGdsSDJUVkN1SjF2NHdvajR3M2R2aU1Hd09PVjBxbmlzTGFXanMwYmZQV2VMbV83MmdsLVJERzNmZllRWGJ5VW5uaFc0a0RIRDF4cVUwdm1MQ0Z6V0o3aDB5SXN5LU1QNkNUMmc?oc=5
Watch Out for These 10 Cash App Scams This Holiday Season: Don’t Let Scammers Steal Your Cheer - All About Cookies,"Fri, 12 Dec 2025 08:00:00 GMT",https://news.google.com/rss/articles/CBMiX0FVX3lxTFB1SGl1VFhaTmFRZzRZOXRUZFBwVFBabWRaY2hybGh0MVM3d0ZZdnpMS0tIbDItZURoeW4yeWptTjNRM1cwano5em12cWxyS0Q3ckhidGdIc3kxT2FjMFJN?oc=5
Cash App spam settlement approved - Payments Dive,"Wed, 03 Dec 2025 08:00:00 GMT",https://news.google.com/rss/articles/CBMigAFBVV95cUxPZGw2WHotbk1UQjl2UmdEZXdLX3B3eExPT293ZkxJdmpTNF9palgyeHZsN3VlbnJUQnBaN3pGSURzQkRTVGJLamVsc0RYNWgyYVhrSHpqb1FtbHBVMzZLb25HeEVYUmlOTXRjU1lmUnRjcVBRYWNycnZfVWgtbWlFOA?oc=5
Strong Momentum in Block (XYZ)’s Square and Cash App Segments Drives UBS’ Bullish Stance - Yahoo Finance,"Thu, 11 Dec 2025 18:42:10 GMT",https://news.google.com/rss/articles/CBMihAFBVV95cUxQTVl0QkloYmI4ektKZnQ3eTBaa1p5YVF2VU1ZSDJSbVNLREhuQ2p1aGw5YmtLZ2NiNklWU19KTzAyS2phQmtjYUZ4THhEQkhJcFVCNV9yMFU3X2NMbkhGd3cxSWVoanpuVmhzdDVOLU9UTFhnRExGNmRKblUyMkpsNWNLWlM?oc=5
"Cash App Offers Insights Into Lending Decisions, Enables Pay Over Time - PYMNTS.com","Wed, 19 Nov 2025 08:00:00 GMT",https://news.google.com/rss/articles/CBMitgFBVV95cUxPM3VDN3ZUMS1ZRkdJMXhibG8wbXM5LV9WV2dmM1Jha1ozM2lRNTIzUTh1TjNncGx4Y1FCb3lGbjNXZFE4cm9vZ0RZel9TVjVkY09JX1dfeV8zb1FWV0lPRWNaQk9QRXp6Nk1GYmlKYTZobEpIYW9sZlJ0eXdidlUwN2pidmYzd0V4cklXM1hiU1JWdTRRRzBwN2FVNExzc0cxX01oUnVjdTB1cUFkckI2S1pvLVZDdw?oc=5
Cash App's Moneybot might know your spending habits better than you do - TelegraphHerald.com,"Sun, 30 Nov 2025 07:00:00 GMT",https://news.google.com/rss/articles/CBMimwFBVV95cUxNb3d3QWNrYzNzaWhUVDNfUmRHendZcjVycWV0YmdFRmJpVzZFMWl4S3VjUm1oZUNZU3pRalM3ejYtd1ExQzZhYUpmQzZNQlVJcC0xamZldnl2ek4zTGktSk0wYmpxQWtGQUdYcW5Fb0pjWXFEOVRuYTJndFdzNzZhQjlKM3pISDIyRU4tdmRPTk4yWk1CU1F4bm4tRQ?oc=5
"Atlanta Dream and Cash App Partner with ForgiveCo to Eliminate $10 Million in Debt, Moving 3,500 Atlantans Closer to Financial Empowerment - Atlanta Dream | WNBA","Thu, 28 Aug 2025 07:00:00 GMT",https://news.google.com/rss/articles/CBMi9gFBVV95cUxQR3pXS2g3bVJhcG9uY2U5U3ZlRUJFR3BFYURBSG1PQUdrdUJQY3JRelBfbElsa2xLRWR6bjIwZENLQmh1TWNLQ3FvWFdLOEc1bkFyS1VhR3FVZVA0ci1GenB3Y1NXOGpwbjdmM3BmOWprN0doQU1iWmNBSzlYdm9sWDVJV0N0eU1SWmFZWDdsRXpnbTl3WGt1T0tpeFhBbWNDbzJwNVVfY2Y3NFNsWkVSQzg3UHJPVVhPYXdiWENHTWFLN25qSzc3WWtuTTBjMHNIb21wcU1vdnQ5M2ZJZFR6RjdEUEJnS0tlRlBTa2czSUJNbzBBSmc?oc=5
This is Arvid Lindblad's journey from the junior ranks to Racing Bulls - Red Bull,"Wed, 03 Dec 2025 08:00:00 GMT",https://news.google.com/rss/articles/CBMibkFVX3lxTE1ueVZueFMwZ3ZmOFQ2SW11YmhxWXdDdV9zNVhuY29KVW5MUFV4Z1pBUHVwVTVrNmUtQXlkMUdYeFdYWlp5enc5V01WVTFxQUJGdlBEYWhSaEJjanUzN0YtSnFMb1htRjVnVWtZVmdB?oc=5
Where Can I Buy a Verified Cash App Account (3 Photos) - Dwell,"Mon, 15 Dec 2025 11:13:50 GMT",https://news.google.com/rss/articles/CBMihgFBVV95cUxQQmV5WkVuUjlESW04anhsX3VYdjB6R254OTA1cU9VX0VDbDdzcDNkdVJES2tIVFFnTDlpR0lXVjIzV1VCY3AzMm1aSC1zWGpaSVFBc2hvZ2xLSXcxNF9qSUh1T3Rfa09IZHFnTXByVXZwc0J4dHZneThCSFlGX2ZQV2Q1OUMtdw?oc=5
Cash App leans into loans - Payments Dive,"Wed, 12 Nov 2025 08:00:00 GMT",https://news.google.com/rss/articles/CBMidkFVX3lxTE9SOGNqQS1KU1FBaXY4V2VPMV9NcllrUGZHRXJOR1hZWUcxb1N3aWR1V0xiZVZFNWozRGp5QklEVk53SjMyLVNhTnlmNTZVYkRuanQzTjd2eGM2M3IybEFwZ2RXdGJaaVc1S2VZUUdlam1aeU5icXc?oc=5
"The Ultimate Guide to Buying, Safe and Verified Cash App Accounts Online in 2025 (3 Photos) - Dwell","Tue, 16 Dec 2025 11:53:07 GMT",https://news.google.com/rss/articles/CBMitgFBVV95cUxOUGgzRlJKMDExc0h6QV9VMDEwOUNRR25vS0sxYV9CR1hUYmR0LXV6ZThxemJoeV9Fel9RcDhwX0VQSVVYUzFMOHFPYjlvM1NsNFAtLVZrSi1CMDZ1cnhSZzdmYXphd3djUjYxdjFBTzhCMXkzck53VXJXVFFXTktUdURNNG1oMUpDWmdKbFdzXy1mY3BEdmlFUnVTbm1raFBiN0ZMem50MHJTeDRINjA2OU9UczNvQQ?oc=5
Block eyes services for preteens - Payments Dive,"Thu, 20 Nov 2025 08:00:00 GMT",https://news.google.com/rss/articles/CBMif0FVX3lxTE9ZOU9CT0NTM2dqUks1UklSUG5WRENfVEJvNWJaNDFwaWNoV09oTFFUaHNNREI4dnN3VVdUamJlUXBhLXZWM2RFVURGNkFDRE1nTHo4d1BPWGNjQ29fNnJwMUgwOXI0UlUyY01DdEthSGF1anJLbXFxTWQwUGNuZk0?oc=5
Best 7 Ways to Buy Verified Cash App Accounts for Online . (1 Photo) - Dwell,"Sat, 13 Dec 2025 16:02:01 GMT",https://news.google.com/rss/articles/CBMilwFBVV95cUxNcU84WFRqc2FCNzh2ZUxmU250c1JadWFsVWZ5Q1F0bnR1d1ZwMC0zTHZjbzhaZFB6dXdOZ0hHMWpuZThMM21jUEhVTS0ya1ZnN0NXMXZXRk1vUWwzRFhXeHl1WUtUTkxTWEZQWURDV0ZCRm42RTN4MUpJWUd1QUVNd250RnpsQ2MtWnhTVlNwQXRzcnl1anBj?oc=5
"Best 2.22 Sites To B....uy, Verified Cash App Accounts In (3 Photos) - Dwell","Fri, 12 Dec 2025 22:18:29 GMT",https://news.google.com/rss/articles/CBMikAFBVV95cUxOWlR0eVV3dlV1TllYcUZIcnB1cTc0Z0hsMURtOGZJNFdOemt4TzYwa3hFYllTeFJFSF9aaXNGMElJaDZkSElXdU5YcUNFTG5GWFZ4S3NFOUhPRXVQdk5qSzNmR1pBRG1rZVpoUHF5UlBSdTYzNnFMWkN0bXJ3NU5OOTlyWHRpOWxzS3BOR0VSbW0?oc=5
"Cash App, Binance aim to grow with Gen Alpha - eMarketer","Fri, 05 Dec 2025 21:49:04 GMT",https://news.google.com/rss/articles/CBMijgFBVV95cUxOTnhFVEFmZXBMV3ltRl9BWjdVcjM1VVhBRnhEV0tMRTEyai1GNll1RDltdS03Y3FONUlNUzhNaVpuck00S1FXSlNNZVpPWEpVaFNKWmk5Sm5hZU1DNDJwcVk1NlVKYlU5aVdLUjJvSVhVcTBxVkt2cWM0ZmdMT3lkYWw1bVRmZnFPeFY0ZGV3?oc=5
"Block to Show Its Version of Credit Scores to Cash App, Afterpay Users - The Wall Street Journal","Wed, 19 Nov 2025 08:00:00 GMT",https://news.google.com/rss/articles/CBMiwwNBVV95cUxOdDh1elpsaW9HVm4yNG1lRm9rclJKLUxpVHdOQUVGUFNPYnBsbDBaZzBLa3FScXc2MXVYcHFfbUVIbU12bnFncWgxQ3h1a3NlQ1NKSmlUT1ptV1Nrb3dLNHI1MFZoRnktT0VYbGM5UmZ6aGR0SmhmS3JvODBBUEEyd1pNY2lsdWRfYWlLdDE2NUhFUnhSaFFDcDhMelVtOGNhTlIyeEw3NHF5MzEwWlhpQ2ozZU1WYWdLSXBfbnhNcFcxeDROektVMjlHWVpOMGphanJMYmNsdGZBU0Y4RHhwNFRRa1NoWlVSaFpCMW9nNmR1Ni1MUzZHa2gyNFc1dC04Zm9pdjRoX2JNV01ZZUM1VGZCYmRGRWg2VFJOVkJBenRkS3BEcnJxYkppQUxGNndyMFJHTVZnV1NKV3NabUp4eDVDR2NtSXdjMHNaT0F3QTBTYmJ2N1ZPVHhJSDFaVHNzeXdSWmdKZndxdnRXM2hESm9OQm5zMHZUMUI5UzZJa25ULW1MZG9LQVZuOFRkN3hFNHNiTVNUQVBXU1kzcjhnUlpLZHdVUXFabXowLVFBSndGdXZmNkNvUFlBMWs0ODlVN1pz?oc=5
Jack Dorsey's Cash App enables Bitcoin Lightning and stablecoin payments - The Block,"Thu, 13 Nov 2025 08:00:00 GMT",https://news.google.com/rss/articles/CBMiqwFBVV95cUxNdlhNdW11aG5wYWpEX2dvSUpzaXF3TUxfRXAwOUJ2RGdweGdUQ3BEb1JGVlhoc0drczF0R3VsVGZpT1Vpa0NBbXk4RHRPOEpuQ2o4ZnlvNHgyVVZTNDhfbjVQbVF2OFpTQVNSRDRuUVJfSDcyYVJPZWtCRG5zdTY1R04wRkJYRjQ0cS1FX2NBMjNQUjdEbjRKQjBmU2ljS1VpSVVBUUJ4QVphaDDSAbABQVVfeXFMTk8zcVBVNzBhTE5rTE1iZ2hWQmVQY1k4NXR3WktoaFJkRnVHR3J0b2ZCMlpEQ0RZLUc5MHRVdHZEeXdBamV3elloMzY1ZjF0SHFOZ2J6Mnp2NWNHTGl0NHVHaENiYTZhRWtvcUgwM291MlNYZFJCWHV2UExDYmRGTmNBNHRyLVNHM2pUd1ZZcVVvWXhMd0x0VnZEeFk5SUdDSHBzU3ZHcDkzNWNIX0diYU8?oc=5
"2025"" Best Site Buy Verified Cash App Accounts Online Guide (1 Photo) - Dwell","Fri, 12 Dec 2025 17:21:25 GMT",https://news.google.com/rss/articles/CBMipgFBVV95cUxQMG5OdWJjNGNmS3U0S0pXLVJNNlVId3dYUG0xUjNUbVFCbFdVaU1kcnBrLVdhVmhxOTNKMDhLUGtSTnFSSTYzTWJmeWpuNkJjTnotRFJEbmFzTlFISjk2V0NLVlJVSGNxYjVmOTFueTlzeXhlMmYyempxZ3ZHOXl0NUFOcTlVRmh5Zi02eXN2dm1VYno3aFFDRDNVRHZlMmdxZHNCY2dR?oc=5
